size,sorted_ratio,duplicate_ratio,variance,winner
100,0.6,0.23,30.31,insertion_sort
100,0.76,0.7,35.65,insertion_sort
1000,0.2,0.44,1.99,counting_sort
10000,0.82,0.43,11.31,counting_sort
5000,0.68,0.4,19.35,counting_sort
2000,0.12,0.3,35.64,heap_sort
10000,0.86,0.23,18.45,counting_sort
100,0.37,0.13,8.0,heap_sort
2000,0.25,0.3,18.66,counting_sort
10000,0.55,0.05,15.66,counting_sort
1000,0.18,0.25,49.94,heap_sort
1000,0.48,0.61,44.83,heap_sort
500,0.88,0.22,28.93,insertion_sort
5000,0.66,0.49,15.36,counting_sort
50,0.95,0.42,43.86,insertion_sort
500,0.97,0.52,42.42,insertion_sort
500,0.36,0.2,33.13,heap_sort
50,0.36,0.24,12.65,insertion_sort
500,0.57,0.79,22.2,quick_sort
100,0.13,0.0,27.31,heap_sort
1000,0.27,0.04,38.7,heap_sort
2000,0.72,0.42,14.3,counting_sort
50,0.44,0.26,9.6,insertion_sort
50,0.73,0.57,5.07,insertion_sort
1000,0.88,0.43,20.0,heap_sort
500,0.67,0.09,19.01,heap_sort
500,0.44,0.06,35.93,heap_sort
5000,0.73,0.73,33.97,counting_sort
1000,0.78,0.53,11.21,heap_sort
50,0.58,0.83,16.54,insertion_sort
50,0.09,0.56,34.77,insertion_sort
2000,0.8,0.33,42.37,heap_sort
1000,0.62,0.03,7.57,counting_sort
1000,0.5,0.43,0.34,counting_sort
500,0.92,0.51,44.38,insertion_sort
1000,0.88,0.56,33.67,heap_sort
500,0.97,0.84,7.66,insertion_sort
50,0.0,0.04,21.67,insertion_sort
500,0.69,0.18,49.23,quick_sort
10000,0.15,0.27,34.92,counting_sort
500,0.11,0.78,44.76,quick_sort
100,0.3,0.81,1.33,counting_sort
5000,0.99,0.53,29.19,counting_sort
10000,0.5,0.83,42.56,counting_sort
500,0.19,0.58,9.17,heap_sort
100,0.03,0.45,44.19,quick_sort
10000,0.87,0.76,9.05,counting_sort
100,0.9,0.7,39.83,insertion_sort
2000,0.09,0.23,32.78,heap_sort
500,0.91,0.74,10.62,insertion_sort
1000,0.64,0.27,11.79,counting_sort
5000,0.93,0.43,11.77,counting_sort
1000,0.94,0.56,5.65,insertion_sort
500,0.52,0.29,29.28,heap_sort
2000,0.73,0.58,29.32,heap_sort
100,0.71,0.25,24.8,insertion_sort
1000,0.45,0.35,33.44,heap_sort
500,0.76,0.13,29.91,heap_sort
10000,0.31,0.14,48.23,counting_sort
100,0.74,0.54,19.16,insertion_sort
5000,0.8,0.37,19.37,counting_sort
5000,0.8,0.59,49.38,counting_sort
500,0.6,0.47,17.71,heap_sort
100,0.73,0.18,10.14,insertion_sort
100,0.48,0.33,20.46,insertion_sort
100,0.88,0.39,18.78,insertion_sort
100,0.77,0.18,14.36,insertion_sort
1000,0.27,0.68,48.93,heap_sort
50,0.8,0.34,47.61,insertion_sort
10000,0.42,0.11,12.28,counting_sort
10000,0.11,0.63,21.96,counting_sort
1000,0.1,0.38,13.82,heap_sort
50,0.78,0.79,10.15,insertion_sort
50,0.12,0.13,7.62,insertion_sort
500,0.35,0.03,1.43,counting_sort
500,0.48,0.47,39.91,heap_sort
10000,0.17,0.51,20.14,counting_sort
50,0.45,0.69,17.15,insertion_sort
50,0.34,0.63,13.21,insertion_sort
100,0.54,0.45,4.82,quick_sort
1000,0.54,0.83,7.11,counting_sort
1000,0.1,0.55,45.1,heap_sort
5000,0.42,0.33,33.26,counting_sort
1000,0.65,0.18,0.79,counting_sort
2000,0.0,0.74,48.74,heap_sort
10000,0.36,0.3,31.57,counting_sort
500,0.33,0.11,29.36,heap_sort
100,0.7,0.62,30.84,insertion_sort
500,0.45,0.17,4.33,heap_sort
5000,0.18,0.57,14.72,counting_sort
2000,0.54,0.25,34.8,heap_sort
2000,0.04,0.46,44.93,heap_sort
500,0.77,0.48,44.85,heap_sort
500,0.94,0.72,44.16,insertion_sort
1000,0.84,0.44,24.45,heap_sort
50,0.59,0.81,7.04,insertion_sort
1000,0.22,0.33,39.97,heap_sort
500,0.01,0.38,29.3,heap_sort
5000,0.13,0.12,11.95,counting_sort
50,0.98,0.33,42.67,insertion_sort
100,0.85,0.04,43.78,insertion_sort
1000,0.15,0.88,35.08,quick_sort
5000,0.22,0.45,7.72,counting_sort
100,0.62,0.67,10.04,insertion_sort
10000,0.46,0.82,6.83,counting_sort
1000,0.92,0.26,14.22,insertion_sort
10000,0.17,0.75,16.94,counting_sort
10000,0.61,0.31,42.39,counting_sort
2000,0.21,0.59,4.43,counting_sort
100,0.65,0.84,41.93,insertion_sort
10000,0.24,0.22,15.45,counting_sort
100,0.58,0.62,17.11,quick_sort
2000,0.67,0.18,4.61,counting_sort
2000,0.4,0.32,15.27,counting_sort
1000,0.83,0.2,14.43,heap_sort
100,0.2,0.11,26.38,heap_sort
5000,0.73,0.85,9.6,counting_sort
5000,0.09,0.35,5.11,counting_sort
10000,0.85,0.16,38.26,counting_sort
10000,0.41,0.24,33.21,counting_sort
5000,0.58,0.05,47.73,counting_sort
100,0.0,0.59,1.99,quick_sort
2000,0.83,0.35,41.38,heap_sort
50,0.15,0.9,23.15,insertion_sort
100,0.46,0.0,4.41,insertion_sort
100,0.69,0.16,13.13,insertion_sort
10000,0.3,0.39,40.81,counting_sort
10000,0.65,0.45,47.89,counting_sort
5000,0.77,0.08,8.02,counting_sort
1000,0.72,0.44,32.21,heap_sort
2000,0.09,0.73,1.0,counting_sort
1000,0.07,0.06,48.85,heap_sort
500,0.7,0.74,27.55,quick_sort
10000,0.13,0.9,11.85,counting_sort
500,0.49,0.89,4.63,counting_sort
100,0.98,0.18,30.46,insertion_sort
10000,0.02,0.42,30.87,counting_sort
5000,0.22,0.64,49.04,counting_sort
1000,0.14,0.38,3.06,counting_sort
2000,0.37,0.15,31.6,heap_sort
10000,0.93,0.51,20.15,counting_sort
500,0.7,0.61,29.98,heap_sort
1000,0.52,0.5,0.27,counting_sort
1000,0.0,0.06,38.31,heap_sort
10000,0.43,0.75,43.1,counting_sort
2000,0.9,0.8,26.27,counting_sort
1000,0.26,0.58,29.51,heap_sort
100,0.77,0.76,26.38,insertion_sort
50,0.61,0.08,25.45,insertion_sort
10000,0.6,0.86,7.53,counting_sort
10000,0.56,0.09,3.78,counting_sort
10000,0.48,0.34,9.3,counting_sort
2000,0.56,0.83,13.47,counting_sort
100,0.69,0.69,17.42,insertion_sort
5000,0.04,0.88,23.61,counting_sort
50,0.05,0.8,34.97,insertion_sort
1000,0.92,0.43,1.27,counting_sort
5000,0.24,0.12,13.92,counting_sort
5000,0.31,0.59,15.7,counting_sort
10000,0.88,0.58,15.15,counting_sort
2000,0.51,0.79,6.38,counting_sort
100,0.61,0.37,34.74,insertion_sort
500,0.41,0.86,37.0,quick_sort
1000,0.03,0.38,43.0,heap_sort
10000,0.97,0.82,1.0,counting_sort
5000,0.61,0.73,4.77,counting_sort
500,0.73,0.56,22.37,heap_sort
5000,0.05,0.16,33.97,counting_sort
100,0.67,0.3,11.64,insertion_sort
2000,0.85,0.4,39.56,heap_sort
100,0.43,0.12,36.22,heap_sort
10000,0.98,0.34,41.78,counting_sort
1000,0.88,0.42,12.78,heap_sort
500,0.32,0.46,13.3,heap_sort
500,0.33,0.66,39.12,heap_sort
2000,0.74,0.02,12.69,counting_sort
2000,0.64,0.26,12.44,counting_sort
2000,0.16,0.5,10.02,counting_sort
50,0.39,0.13,33.84,insertion_sort
2000,0.28,0.09,14.99,counting_sort
5000,0.53,0.13,19.9,counting_sort
500,0.64,0.35,22.16,heap_sort
50,0.01,0.66,42.42,insertion_sort
2000,0.79,0.45,16.43,counting_sort
5000,0.52,0.84,7.57,counting_sort
100,0.04,0.01,23.68,heap_sort
100,0.33,0.21,10.14,heap_sort
5000,0.8,0.03,14.65,counting_sort
500,0.43,0.07,40.19,heap_sort
5000,0.96,0.44,20.61,counting_sort
10000,0.3,0.0,31.41,counting_sort
10000,0.09,0.86,24.94,counting_sort
5000,0.39,0.41,31.52,counting_sort
10000,0.94,0.35,9.64,counting_sort
50,0.74,0.45,3.53,insertion_sort
50,0.84,0.6,35.64,insertion_sort
2000,0.18,0.51,10.03,counting_sort
1000,0.06,0.42,38.89,heap_sort
100,0.66,0.01,22.1,insertion_sort
100,0.29,0.76,4.0,quick_sort
10000,0.57,0.05,24.14,counting_sort
2000,0.1,0.52,34.84,heap_sort
500,0.78,0.47,15.77,heap_sort
1000,0.28,0.12,8.28,counting_sort
100,0.66,0.42,8.03,insertion_sort
500,0.94,0.38,27.97,insertion_sort
2000,0.84,0.45,20.75,counting_sort
500,0.32,0.87,48.07,heap_sort
5000,0.59,0.26,7.77,counting_sort
1000,1.0,0.22,12.78,bubble_sort
500,0.71,0.18,17.91,heap_sort
50,0.68,0.66,3.96,insertion_sort
10000,0.01,0.62,31.47,counting_sort
500,0.41,0.13,26.18,heap_sort
100,0.09,0.72,8.49,quick_sort
50,0.11,0.13,28.08,insertion_sort
100,0.14,0.34,2.66,quick_sort
50,0.78,0.79,15.53,insertion_sort
5000,0.64,0.19,37.65,counting_sort
5000,0.92,0.72,43.36,counting_sort
50,0.47,0.3,31.39,insertion_sort
2000,0.35,0.37,28.19,heap_sort
5000,0.17,0.89,43.65,counting_sort
5000,0.58,0.4,21.23,counting_sort
5000,0.19,0.19,5.26,counting_sort
50,0.93,0.6,11.8,insertion_sort
100,0.37,0.39,26.03,heap_sort
100,0.26,0.23,25.22,quick_sort
10000,0.86,0.23,9.13,counting_sort
500,0.19,0.16,48.11,heap_sort
100,0.24,0.58,0.79,counting_sort
1000,0.04,0.63,31.35,heap_sort
5000,0.92,0.34,16.66,counting_sort
50,0.56,0.08,46.15,insertion_sort
1000,0.14,0.24,9.98,counting_sort
10000,0.44,0.31,17.83,counting_sort
5000,0.62,0.12,4.52,counting_sort
5000,0.81,0.79,43.97,counting_sort
1000,0.13,0.42,5.64,counting_sort
10000,0.15,0.15,19.15,counting_sort
2000,0.79,0.3,18.43,counting_sort
10000,0.97,0.35,0.7,counting_sort
50,0.06,0.76,15.06,insertion_sort
2000,0.26,0.55,44.23,heap_sort
500,0.37,0.34,40.9,heap_sort
1000,0.54,0.14,44.15,quick_sort
50,0.64,0.75,41.28,insertion_sort
10000,0.17,0.79,9.92,counting_sort
50,0.19,0.46,44.36,insertion_sort
1000,0.23,0.47,45.97,heap_sort
100,0.49,0.65,8.35,quick_sort
100,0.66,0.54,24.36,insertion_sort
100,0.2,0.03,47.15,quick_sort
500,0.81,0.41,46.43,heap_sort
2000,0.1,0.14,4.69,counting_sort
100,0.24,0.45,4.92,heap_sort
2000,0.2,0.56,29.92,heap_sort
500,0.42,0.28,47.19,heap_sort
2000,0.26,0.28,46.14,heap_sort
5000,0.2,0.5,31.48,counting_sort
10000,0.74,0.31,35.36,counting_sort
500,0.78,0.5,22.77,heap_sort
500,0.29,0.53,24.64,heap_sort
100,0.82,0.02,27.81,insertion_sort
100,0.12,0.06,0.11,counting_sort
1000,0.13,0.67,30.14,heap_sort
10000,0.2,0.37,35.08,counting_sort
1000,0.78,0.09,6.76,counting_sort
5000,0.16,0.27,2.85,counting_sort
500,0.14,0.46,49.32,heap_sort
500,0.85,0.42,12.8,heap_sort
100,0.86,0.03,23.45,insertion_sort
100,0.24,0.32,38.34,heap_sort
2000,0.27,0.38,11.61,counting_sort
5000,0.26,0.43,27.21,counting_sort
10000,0.89,0.87,17.83,counting_sort
10000,0.81,0.35,10.02,counting_sort
5000,0.83,0.02,41.88,counting_sort
5000,0.81,0.79,21.26,counting_sort
100,0.69,0.3,13.55,insertion_sort
1000,0.71,0.5,8.44,counting_sort
500,0.4,0.83,12.68,quick_sort
5000,0.69,0.69,29.77,counting_sort
1000,0.1,0.5,23.88,heap_sort
100,0.44,0.77,41.19,quick_sort
100,0.92,0.76,33.08,insertion_sort
50,0.78,0.37,4.16,insertion_sort
2000,0.3,0.75,11.4,counting_sort
5000,0.45,0.78,36.12,counting_sort
100,0.66,0.24,23.72,insertion_sort
500,0.56,0.78,1.55,counting_sort
1000,0.15,0.62,35.12,heap_sort
2000,0.55,0.37,24.78,counting_sort
10000,0.73,0.64,37.97,counting_sort
100,0.47,0.7,30.59,quick_sort
5000,0.99,0.08,19.14,counting_sort
10000,0.36,0.39,27.39,counting_sort
1000,0.08,0.44,20.77,heap_sort
5000,0.54,0.79,39.68,counting_sort
2000,0.41,0.09,6.59,counting_sort
2000,0.93,0.17,28.65,heap_sort
5000,0.63,0.71,18.81,counting_sort
10000,0.5,0.55,42.06,counting_sort
50,0.22,0.72,48.43,insertion_sort
10000,0.01,0.52,30.01,counting_sort
10000,0.64,0.12,9.12,counting_sort
5000,0.97,0.49,34.79,counting_sort
100,0.15,0.65,42.11,heap_sort
2000,0.46,0.24,37.39,heap_sort
2000,0.14,0.58,33.99,heap_sort
2000,0.39,0.27,5.07,counting_sort
1000,0.29,0.6,22.83,heap_sort
500,0.53,0.0,2.53,counting_sort
1000,0.99,0.13,17.91,insertion_sort
1000,0.95,0.53,19.98,insertion_sort
50,0.57,0.32,13.19,insertion_sort
2000,0.78,0.29,25.38,heap_sort
1000,0.28,0.8,25.13,quick_sort
1000,0.01,0.09,16.03,heap_sort
2000,0.46,0.72,12.81,counting_sort
500,0.43,0.58,48.24,heap_sort
1000,0.5,0.27,7.15,counting_sort
500,0.43,0.15,5.57,heap_sort
50,0.64,0.81,9.61,insertion_sort
10000,0.36,0.03,34.83,counting_sort
2000,0.74,0.48,24.38,counting_sort
10000,0.51,0.31,41.09,counting_sort
50,0.43,0.04,16.12,insertion_sort
5000,0.99,0.89,3.18,counting_sort
10000,0.06,0.41,36.29,counting_sort
2000,0.78,0.05,46.5,heap_sort
10000,0.59,0.29,17.68,counting_sort
1000,0.75,0.01,12.3,heap_sort
2000,0.06,0.37,32.56,heap_sort
10000,0.25,0.41,25.08,counting_sort
10000,0.05,0.74,32.0,counting_sort
1000,0.17,0.36,39.92,heap_sort
500,0.2,0.23,14.25,heap_sort
1000,0.81,0.73,6.87,counting_sort
10000,0.7,0.32,21.36,counting_sort
50,0.71,0.07,27.93,insertion_sort
5000,0.18,0.57,12.17,counting_sort
1000,0.68,0.6,15.65,heap_sort
2000,0.51,0.39,30.3,heap_sort
1000,0.93,0.9,48.71,insertion_sort
500,0.12,0.56,6.78,heap_sort
50,0.32,0.43,23.04,insertion_sort
1000,0.27,0.48,25.89,heap_sort
100,0.83,0.72,47.36,insertion_sort
50,0.85,0.58,48.61,insertion_sort
1000,0.02,0.55,35.08,heap_sort
2000,0.17,0.51,34.26,heap_sort
100,0.66,0.27,45.23,insertion_sort
1000,0.0,0.03,36.64,heap_sort
500,0.65,0.65,2.34,counting_sort
2000,0.68,0.3,43.8,heap_sort
500,0.86,0.52,45.45,quick_sort
2000,0.35,0.04,12.58,counting_sort
500,0.51,0.78,8.0,quick_sort
10000,0.54,0.32,31.81,counting_sort
2000,0.82,0.76,8.66,counting_sort
1000,0.36,0.7,43.45,heap_sort
1000,0.32,0.5,43.64,heap_sort
100,0.81,0.34,10.13,insertion_sort
1000,0.61,0.78,13.91,heap_sort
10000,0.41,0.18,10.08,counting_sort
500,0.1,0.57,39.58,heap_sort
2000,0.88,0.21,32.71,heap_sort
500,0.61,0.19,8.31,heap_sort
2000,0.4,0.42,1.9,counting_sort
100,0.1,0.44,29.48,quick_sort
100,0.29,0.21,4.34,quick_sort
5000,0.12,0.05,19.92,counting_sort
2000,0.24,0.76,14.82,counting_sort
50,0.87,0.8,44.97,insertion_sort
10000,0.17,0.49,21.52,counting_sort
10000,0.18,0.43,33.36,counting_sort
50,0.96,0.07,47.21,insertion_sort
50,0.97,0.39,14.71,insertion_sort
100,0.8,0.49,23.34,insertion_sort
100,0.44,0.76,37.86,quick_sort
500,0.61,0.58,39.63,quick_sort
2000,0.5,0.01,7.65,counting_sort
100,0.8,0.63,19.6,insertion_sort
2000,0.88,0.08,12.86,counting_sort
50,0.12,0.42,14.39,insertion_sort
500,0.34,0.02,4.37,heap_sort
10000,0.16,0.25,46.99,counting_sort
5000,0.48,0.44,9.51,counting_sort
10000,0.25,0.72,29.6,counting_sort
1000,0.58,0.34,47.97,heap_sort
50,0.32,0.54,3.92,insertion_sort
2000,0.78,0.62,13.55,counting_sort
10000,0.73,0.45,7.55,counting_sort
2000,0.46,0.12,29.96,heap_sort
10000,0.41,0.28,15.98,counting_sort
2000,0.74,0.21,27.29,heap_sort
1000,0.65,0.56,43.61,heap_sort
10000,0.93,0.38,9.81,counting_sort
1000,0.44,0.37,35.89,heap_sort
100,0.05,0.58,2.37,quick_sort
50,0.89,0.3,6.75,insertion_sort
50,0.41,0.38,1.77,insertion_sort
100,0.31,0.76,1.59,counting_sort
500,0.03,0.34,7.2,heap_sort
1000,0.88,0.34,18.98,heap_sort
500,0.98,0.6,40.76,insertion_sort
50,0.06,0.47,49.1,insertion_sort
2000,0.93,0.65,7.65,counting_sort
5000,0.36,0.68,31.82,counting_sort
10000,0.78,0.04,49.72,counting_sort
50,0.41,0.26,20.15,insertion_sort
10000,0.59,0.39,25.17,counting_sort
100,0.71,0.54,4.22,insertion_sort
5000,0.51,0.62,8.31,counting_sort
100,0.49,0.52,25.18,quick_sort
5000,0.81,0.62,24.86,counting_sort
2000,0.04,0.77,18.73,counting_sort
1000,0.89,0.87,17.49,heap_sort
5000,0.68,0.16,40.7,counting_sort
1000,0.51,0.04,1.01,counting_sort
5000,0.76,0.37,47.93,counting_sort
1000,0.27,0.87,18.22,quick_sort
1000,0.74,0.19,28.7,heap_sort
2000,0.43,0.56,33.98,heap_sort
100,0.39,0.9,38.32,quick_sort
500,0.12,0.14,16.6,heap_sort
500,0.6,0.48,29.24,heap_sort
2000,0.66,0.37,40.49,heap_sort
10000,0.61,0.52,46.3,counting_sort
50,0.55,0.75,44.84,insertion_sort
1000,0.49,0.05,9.08,counting_sort
2000,0.13,0.21,25.48,counting_sort
5000,0.88,0.32,45.77,counting_sort
500,0.02,0.36,2.43,counting_sort
50,0.85,0.75,44.55,insertion_sort
1000,0.96,0.78,1.53,counting_sort
10000,0.56,0.56,46.86,counting_sort
100,0.45,0.32,47.49,quick_sort
500,0.88,0.87,37.72,insertion_sort
5000,0.2,0.73,24.54,counting_sort
50,0.32,0.14,9.93,insertion_sort
10000,0.49,0.06,40.9,counting_sort
500,0.55,0.07,11.69,heap_sort
10000,0.7,0.42,40.65,counting_sort
5000,0.07,0.76,19.75,counting_sort
100,0.87,0.85,0.36,insertion_sort
50,0.81,0.62,42.35,insertion_sort
1000,0.8,0.38,49.28,heap_sort
50,0.82,0.52,5.43,insertion_sort
10000,0.75,0.5,19.1,counting_sort
50,0.65,0.27,47.8,insertion_sort
50,0.56,0.41,22.39,insertion_sort
1000,0.88,0.1,35.45,heap_sort
50,0.96,0.18,46.18,insertion_sort
5000,0.41,0.18,12.37,counting_sort
50,0.48,0.58,2.34,insertion_sort
10000,0.97,0.38,5.13,counting_sort
50,0.52,0.75,4.36,insertion_sort
5000,0.46,0.31,12.1,counting_sort
5000,0.94,0.16,33.91,counting_sort
50,0.09,0.85,12.98,insertion_sort
100,0.11,0.74,11.18,quick_sort
1000,0.32,0.72,26.56,heap_sort
10000,0.93,0.59,33.78,counting_sort
5000,0.22,0.48,4.5,counting_sort
2000,0.58,0.25,41.13,heap_sort
10000,0.7,0.31,44.54,counting_sort
10000,0.54,0.07,9.13,counting_sort
500,0.61,0.73,7.64,heap_sort
5000,0.97,0.28,3.88,counting_sort
5000,0.35,0.44,32.03,counting_sort
500,0.62,0.38,11.6,heap_sort
1000,0.61,0.88,3.61,counting_sort
100,0.39,0.04,32.43,heap_sort
500,0.98,0.06,27.64,insertion_sort
1000,0.11,0.46,26.53,heap_sort
50,0.56,0.14,4.98,insertion_sort
2000,0.06,0.63,41.8,heap_sort
2000,0.89,0.02,10.1,counting_sort
1000,0.96,0.43,21.31,insertion_sort
500,0.76,0.37,13.98,heap_sort
10000,0.47,0.31,15.28,counting_sort
50,0.67,0.71,33.82,insertion_sort
50,0.94,0.32,38.69,insertion_sort
100,0.68,0.24,36.21,insertion_sort
50,0.98,0.54,16.41,insertion_sort
500,0.08,0.17,18.52,heap_sort
100,0.07,0.37,30.33,heap_sort
2000,0.74,0.16,3.11,counting_sort
500,0.4,0.13,31.82,heap_sort
5000,0.24,0.12,14.94,counting_sort
500,0.84,0.42,40.24,heap_sort
1000,0.77,0.43,32.34,heap_sort
1000,0.25,0.4,8.04,counting_sort
5000,0.31,0.07,25.72,counting_sort
2000,0.49,0.79,24.19,counting_sort
2000,0.6,0.62,27.58,counting_sort
10000,0.99,0.03,43.46,counting_sort
5000,0.39,0.17,37.0,counting_sort
5000,0.26,0.36,40.59,counting_sort
10000,0.95,0.34,40.51,counting_sort
100,0.32,0.15,31.95,heap_sort
5000,0.23,0.85,19.39,counting_sort
10000,0.82,0.28,38.68,counting_sort
500,0.12,0.07,11.89,heap_sort
2000,0.36,0.28,43.61,heap_sort
5000,0.1,0.35,28.24,counting_sort
2000,0.23,0.07,14.49,counting_sort
2000,0.54,0.73,37.05,heap_sort
10000,0.72,0.44,14.94,counting_sort
1000,0.44,0.15,46.4,heap_sort
10000,0.77,0.7,28.42,counting_sort
1000,0.28,0.17,6.37,counting_sort
50,0.93,0.2,17.5,insertion_sort
5000,0.65,0.64,20.15,counting_sort
10000,0.17,0.87,49.88,counting_sort
50,0.78,0.36,46.41,insertion_sort
2000,0.45,0.48,24.61,counting_sort
500,0.21,0.14,30.5,heap_sort
1000,0.1,0.41,28.8,heap_sort
1000,0.27,0.3,0.44,counting_sort
100,0.96,0.13,47.09,insertion_sort
10000,0.02,0.43,40.41,counting_sort
5000,0.66,0.31,4.99,counting_sort
100,0.65,0.69,40.89,insertion_sort
100,0.63,0.08,31.57,insertion_sort
2000,0.41,0.24,38.18,heap_sort
2000,0.03,0.52,24.48,counting_sort
100,0.96,0.2,11.57,insertion_sort
10000,0.86,0.23,2.15,counting_sort
2000,0.83,0.34,21.67,counting_sort
2000,0.62,0.62,27.57,heap_sort
100,0.28,0.24,18.06,heap_sort
500,0.64,0.69,3.72,counting_sort
500,0.32,0.14,11.31,heap_sort
10000,0.95,0.24,7.28,counting_sort
10000,0.38,0.17,9.59,counting_sort
50,0.03,0.71,32.04,insertion_sort
500,0.04,0.53,2.92,counting_sort
1000,0.86,0.21,0.85,counting_sort
2000,0.07,0.43,31.83,counting_sort
50,0.59,0.48,3.27,insertion_sort
1000,0.61,0.52,14.78,heap_sort
500,0.12,0.49,10.08,heap_sort
500,0.34,0.16,18.61,heap_sort
500,0.44,0.55,25.49,heap_sort
10000,0.32,0.55,44.64,counting_sort
5000,0.17,0.66,34.65,heap_sort
500,0.62,0.69,22.95,heap_sort
500,0.94,0.8,9.85,insertion_sort
500,0.3,0.5,32.31,heap_sort
100,0.43,0.4,7.36,quick_sort
100,0.57,0.47,4.5,quick_sort
5000,0.0,0.81,1.55,counting_sort
5000,0.29,0.33,1.08,counting_sort
1000,0.98,0.33,21.18,insertion_sort
500,0.23,0.29,4.81,heap_sort
2000,0.87,0.5,48.18,heap_sort
10000,0.43,0.88,30.15,counting_sort
1000,0.59,0.52,5.99,counting_sort
50,0.05,0.25,2.24,insertion_sort
1000,0.92,0.39,14.6,insertion_sort
5000,0.92,0.32,6.75,counting_sort
1000,0.29,0.82,44.44,quick_sort
10000,0.24,0.36,13.45,counting_sort
100,0.78,0.01,10.87,insertion_sort
100,0.19,0.89,40.62,quick_sort
10000,0.68,0.87,13.01,counting_sort
5000,0.49,0.82,4.85,counting_sort
10000,0.87,0.03,49.27,counting_sort
100,0.27,0.45,17.96,quick_sort
500,0.32,0.11,27.02,heap_sort
2000,0.99,0.29,39.32,insertion_sort
1000,0.56,0.71,14.99,heap_sort
2000,0.69,0.2,2.46,counting_sort
100,0.4,0.27,20.55,quick_sort
1000,0.2,0.2,25.88,heap_sort
10000,0.97,0.33,18.05,counting_sort
10000,0.82,0.49,41.76,counting_sort
5000,0.23,0.18,13.98,counting_sort
100,0.19,0.79,45.28,quick_sort
5000,0.27,0.82,35.03,counting_sort
10000,0.39,0.17,0.24,counting_sort
500,0.48,0.01,21.86,heap_sort
2000,0.51,0.21,20.58,counting_sort
5000,0.72,0.67,47.17,counting_sort
100,0.85,0.32,8.04,insertion_sort
50,0.66,0.73,43.72,insertion_sort
10000,0.87,0.02,32.0,counting_sort
1000,0.77,0.79,49.57,heap_sort
2000,0.35,0.75,2.52,counting_sort
500,0.87,0.1,23.6,insertion_sort
5000,0.16,0.24,48.88,counting_sort
5000,0.25,0.18,48.0,counting_sort
5000,0.82,0.43,26.8,counting_sort
10000,0.36,0.5,23.11,counting_sort
100,0.8,0.82,31.27,insertion_sort
500,0.07,0.14,35.81,heap_sort
2000,0.63,0.79,45.46,heap_sort
500,0.85,0.87,16.84,heap_sort
2000,0.88,0.42,1.07,counting_sort
5000,0.45,0.71,38.75,counting_sort
500,0.76,0.25,32.52,heap_sort
500,0.13,0.27,10.01,heap_sort
1000,0.12,0.9,34.75,quick_sort
100,0.11,0.33,23.74,quick_sort
2000,0.14,0.57,41.01,heap_sort
5000,0.36,0.61,49.26,counting_sort
5000,0.8,0.22,28.34,counting_sort
2000,0.08,0.51,12.0,counting_sort
1000,0.4,0.48,48.63,heap_sort
5000,0.28,0.54,16.02,counting_sort
1000,0.21,0.83,6.73,counting_sort
2000,0.92,0.17,7.05,counting_sort
5000,0.22,0.68,35.59,counting_sort
2000,0.35,0.68,40.39,heap_sort
1000,0.06,0.55,23.25,heap_sort
100,0.5,0.08,28.49,insertion_sort
10000,0.27,0.02,45.45,counting_sort
100,0.76,0.52,15.97,insertion_sort
1000,0.2,0.17,33.37,heap_sort
100,0.73,0.22,0.62,counting_sort
10000,0.82,0.68,37.45,counting_sort
2000,0.81,0.8,27.31,counting_sort
100,0.23,0.15,37.41,quick_sort
100,0.9,0.71,34.55,insertion_sort
1000,0.57,0.24,19.22,heap_sort
5000,0.55,0.47,45.52,counting_sort
2000,0.71,0.41,4.07,counting_sort
2000,0.25,0.74,2.93,counting_sort
5000,0.79,0.56,13.23,counting_sort
5000,0.31,0.89,47.22,counting_sort
10000,0.96,0.29,37.72,counting_sort
5000,0.51,0.44,34.4,counting_sort
5000,0.77,0.25,24.05,counting_sort
2000,0.73,0.58,7.5,counting_sort
100,0.41,0.86,48.25,quick_sort
500,0.11,0.59,4.46,counting_sort
10000,0.32,0.45,13.54,counting_sort
1000,0.05,0.24,8.3,heap_sort
500,0.41,0.03,11.82,heap_sort
1000,0.77,0.43,39.25,heap_sort
100,0.4,0.58,36.71,quick_sort
50,0.33,0.16,20.78,insertion_sort
50,0.78,0.56,1.12,insertion_sort
5000,0.04,0.51,13.45,counting_sort
5000,0.77,0.01,30.31,counting_sort
5000,0.21,0.68,40.78,counting_sort
1000,0.82,0.23,15.14,heap_sort
5000,0.99,0.52,19.69,insertion_sort
100,0.49,0.27,0.28,counting_sort
10000,0.92,0.63,30.04,counting_sort
100,0.99,0.34,46.66,insertion_sort
10000,0.03,0.81,13.5,counting_sort
2000,0.99,0.07,47.7,insertion_sort
500,0.24,0.11,9.85,heap_sort
10000,0.63,0.73,4.43,counting_sort
50,0.84,0.12,13.23,insertion_sort
50,0.04,0.88,28.7,insertion_sort
50,0.86,0.14,27.31,insertion_sort
100,0.15,0.84,13.36,quick_sort
2000,0.57,0.86,25.2,counting_sort
50,0.87,0.46,7.61,insertion_sort
100,0.6,0.8,31.39,insertion_sort
500,0.05,0.88,13.54,quick_sort
5000,0.33,0.46,27.51,counting_sort
10000,0.81,0.58,13.06,counting_sort
10000,0.44,0.64,0.41,counting_sort
1000,0.68,0.4,5.33,counting_sort
100,0.08,0.12,30.58,quick_sort
2000,0.95,0.76,12.56,counting_sort
500,0.77,0.57,42.99,quick_sort
50,0.76,0.76,10.0,insertion_sort
5000,0.96,0.58,45.62,counting_sort
100,0.88,0.65,10.88,insertion_sort
5000,0.13,0.83,44.25,counting_sort
5000,0.65,0.53,19.75,counting_sort
500,0.92,0.53,38.75,insertion_sort
5000,0.35,0.24,13.59,counting_sort
2000,0.4,0.76,6.71,counting_sort
50,0.89,0.09,26.23,insertion_sort
2000,0.4,0.38,40.65,heap_sort
500,0.37,0.23,2.73,counting_sort
500,0.07,0.65,32.36,heap_sort
500,0.29,0.65,46.63,heap_sort
500,0.87,0.49,39.88,insertion_sort
5000,0.18,0.24,11.23,counting_sort
1000,0.6,0.73,5.4,counting_sort
1000,0.09,0.23,19.7,heap_sort
100,0.31,0.21,16.69,insertion_sort
2000,0.63,0.31,41.01,heap_sort
1000,0.59,0.37,0.97,counting_sort
10000,0.65,0.1,46.14,counting_sort
50,0.66,0.74,25.98,insertion_sort
5000,0.5,0.26,47.23,counting_sort
100,0.01,0.89,15.29,quick_sort
10000,0.96,0.37,30.09,counting_sort
5000,0.78,0.44,33.09,counting_sort
10000,0.52,0.25,49.94,counting_sort
5000,0.38,0.19,21.74,counting_sort
5000,0.92,0.62,33.22,counting_sort
100,0.58,0.31,33.59,insertion_sort
5000,0.02,0.57,12.69,counting_sort
2000,0.84,0.2,39.71,heap_sort
500,0.89,0.25,48.58,insertion_sort
500,0.93,0.89,11.76,insertion_sort
10000,0.06,0.11,29.41,counting_sort
500,0.89,0.22,48.59,insertion_sort
5000,0.43,0.42,21.1,counting_sort
10000,0.22,0.84,0.77,counting_sort
500,0.1,0.72,25.57,heap_sort
5000,0.6,0.26,23.25,counting_sort
50,0.77,0.83,23.45,insertion_sort
2000,0.06,0.8,3.86,counting_sort
2000,0.41,0.18,35.28,heap_sort
2000,0.8,0.36,40.01,heap_sort
5000,0.28,0.35,25.92,counting_sort
10000,0.51,0.14,20.6,counting_sort
100,0.11,0.67,14.66,insertion_sort
50,0.98,0.48,9.85,insertion_sort
5000,0.01,0.09,22.83,counting_sort
500,0.2,0.64,34.66,heap_sort
10000,0.46,0.04,6.07,counting_sort
50,0.99,0.26,44.53,insertion_sort
2000,0.96,0.44,27.26,insertion_sort
5000,0.87,0.72,23.9,counting_sort
10000,0.76,0.05,47.18,counting_sort
100,0.24,0.2,12.76,heap_sort
5000,0.83,0.49,31.83,counting_sort
5000,0.1,0.5,11.99,counting_sort
50,0.83,0.35,38.93,insertion_sort
1000,0.04,0.73,19.16,heap_sort
50,0.89,0.13,4.13,insertion_sort
5000,0.07,0.59,23.04,counting_sort
1000,0.25,0.48,44.97,heap_sort
500,0.64,0.78,11.28,heap_sort
50,0.16,0.87,24.37,quick_sort
500,0.12,0.5,24.52,heap_sort
5000,0.5,0.3,33.55,counting_sort
2000,0.47,0.32,13.25,counting_sort
1000,0.62,0.43,15.82,heap_sort
1000,0.41,0.7,45.78,heap_sort
2000,0.35,0.52,46.05,heap_sort
2000,0.63,0.01,39.8,heap_sort
50,0.04,0.87,8.07,quick_sort
5000,0.6,0.15,38.89,counting_sort
500,0.08,0.62,29.45,heap_sort
500,0.11,0.55,17.9,heap_sort
2000,0.05,0.45,17.79,counting_sort
50,0.94,0.86,29.57,insertion_sort
10000,0.16,0.79,41.34,counting_sort
2000,0.29,0.31,33.43,heap_sort
50,0.63,0.13,43.91,insertion_sort
5000,0.76,0.29,12.79,counting_sort
500,0.12,0.59,18.81,heap_sort
100,0.19,0.42,12.2,quick_sort
500,0.98,0.06,37.56,insertion_sort
100,0.25,0.69,39.92,quick_sort
50,0.75,0.33,9.26,insertion_sort
500,0.61,0.65,28.65,heap_sort
1000,0.61,0.04,31.51,heap_sort
2000,0.93,0.28,39.1,heap_sort
500,0.05,0.07,15.93,heap_sort
500,0.13,0.28,43.74,heap_sort
10000,0.61,0.76,32.28,counting_sort
2000,0.02,0.51,36.55,heap_sort
2000,0.48,0.79,29.37,counting_sort
10000,0.96,0.09,14.29,counting_sort
1000,0.29,0.46,36.45,heap_sort
2000,0.22,0.87,48.95,quick_sort
5000,0.16,0.06,13.56,counting_sort
1000,1.0,0.07,21.8,insertion_sort
1000,0.23,0.54,42.72,heap_sort
1000,0.82,0.31,11.42,heap_sort
10000,0.42,0.83,37.28,counting_sort
5000,0.61,0.07,49.07,counting_sort
50,0.37,0.8,43.06,insertion_sort
10000,0.86,0.06,44.76,counting_sort
100,0.68,0.71,26.88,insertion_sort
5000,0.51,0.75,23.54,counting_sort
500,0.96,0.07,13.78,insertion_sort
5000,0.18,0.08,15.0,counting_sort
500,0.43,0.05,14.58,heap_sort
1000,0.02,0.2,28.4,heap_sort
5000,0.27,0.33,28.14,counting_sort
10000,0.93,0.55,37.54,counting_sort
500,0.53,0.18,43.02,heap_sort
50,0.42,0.35,17.85,insertion_sort
10000,0.54,0.51,30.36,counting_sort
500,0.96,0.26,45.19,insertion_sort
2000,0.33,0.48,3.06,counting_sort
50,0.26,0.18,27.62,insertion_sort
100,0.57,0.35,46.49,quick_sort
50,0.15,0.82,24.04,insertion_sort
1000,0.51,0.78,17.55,quick_sort
2000,0.91,0.45,20.27,counting_sort
10000,0.19,0.55,15.62,counting_sort
1000,0.86,0.15,20.92,heap_sort
50,0.85,0.42,7.77,insertion_sort
50,0.42,0.53,47.8,insertion_sort
5000,0.28,0.7,39.49,counting_sort
500,0.17,0.66,34.45,heap_sort
1000,0.54,0.89,35.61,quick_sort
10000,0.07,0.64,9.42,counting_sort
1000,0.35,0.01,16.83,heap_sort
50,0.77,0.31,38.81,insertion_sort
1000,0.93,0.65,37.6,insertion_sort
100,0.28,0.18,26.39,quick_sort
500,0.57,0.2,26.21,heap_sort
10000,0.44,0.61,11.77,counting_sort
10000,0.1,0.23,30.98,counting_sort
100,0.24,0.41,29.09,heap_sort
100,0.45,0.81,8.35,quick_sort
5000,0.91,0.19,20.36,counting_sort
1000,0.82,0.49,11.38,heap_sort
10000,0.16,0.24,48.63,counting_sort
10000,0.41,0.43,4.38,counting_sort
1000,0.49,0.17,27.81,heap_sort
50,0.28,0.26,32.15,insertion_sort
50,0.54,0.6,31.04,insertion_sort
500,1.0,0.08,8.56,bubble_sort
2000,0.61,0.56,3.72,counting_sort
2000,0.93,0.01,11.44,counting_sort
100,0.91,0.07,7.49,insertion_sort
2000,0.68,0.35,26.54,heap_sort
100,0.69,0.89,37.21,insertion_sort
500,0.46,0.88,41.48,quick_sort
10000,0.07,0.35,13.09,counting_sort
5000,0.74,0.86,11.15,counting_sort
10000,0.31,0.02,23.81,counting_sort
2000,0.09,0.8,29.59,counting_sort
100,0.44,0.69,31.15,insertion_sort
5000,0.92,0.89,44.32,counting_sort
1000,0.31,0.63,35.0,heap_sort
50,0.07,0.53,12.57,insertion_sort
500,0.03,0.19,18.93,heap_sort
5000,0.37,0.61,44.89,counting_sort
100,0.19,0.29,36.83,quick_sort
1000,0.63,0.84,16.39,heap_sort
10000,0.01,0.19,10.67,counting_sort
1000,0.83,0.57,9.83,counting_sort
1000,0.04,0.88,8.72,counting_sort
10000,0.64,0.65,22.19,counting_sort
500,0.88,0.63,9.71,insertion_sort
50,0.52,0.78,11.87,insertion_sort
2000,0.67,0.48,11.83,counting_sort
2000,0.09,0.24,32.15,heap_sort
10000,0.41,0.29,41.94,counting_sort
5000,0.79,0.0,14.45,counting_sort
50,0.43,0.08,1.44,insertion_sort
2000,0.59,0.86,29.74,heap_sort
1000,0.03,0.3,17.83,heap_sort
5000,0.25,0.6,45.23,counting_sort
100,0.32,0.55,12.28,heap_sort
100,0.6,0.01,41.51,quick_sort
10000,0.78,0.26,17.85,counting_sort
2000,0.59,0.66,18.01,counting_sort
2000,0.88,0.72,19.22,counting_sort
10000,0.41,0.42,45.12,counting_sort
2000,0.77,0.17,8.81,counting_sort
2000,0.24,0.87,15.0,counting_sort
10000,0.96,0.38,0.27,counting_sort
2000,0.2,0.54,16.19,counting_sort
1000,0.13,0.3,29.58,heap_sort
5000,0.2,0.11,1.07,counting_sort
10000,0.93,0.43,33.08,counting_sort
10000,0.86,0.25,21.98,counting_sort
500,0.42,0.64,35.35,heap_sort
1000,0.87,0.33,38.53,quick_sort
100,0.6,0.44,23.77,insertion_sort
2000,0.18,0.45,21.04,counting_sort
500,0.82,0.17,47.07,heap_sort
50,0.21,0.2,5.2,insertion_sort
50,0.27,0.05,44.47,insertion_sort
500,0.12,0.42,13.9,heap_sort
50,0.33,0.82,10.38,insertion_sort
2000,0.48,0.42,31.95,heap_sort
5000,0.06,0.56,43.29,counting_sort
1000,0.62,0.54,16.42,heap_sort
50,0.84,0.25,49.23,insertion_sort
10000,0.67,0.44,19.32,counting_sort
5000,0.85,0.85,33.28,counting_sort
2000,0.66,0.35,9.57,counting_sort
5000,0.52,0.81,31.2,counting_sort
500,0.53,0.86,18.38,quick_sort
2000,0.35,0.88,34.15,quick_sort
500,0.95,0.07,4.82,insertion_sort
100,0.85,0.41,31.29,insertion_sort
10000,0.89,0.61,34.07,counting_sort
100,0.06,0.73,22.17,quick_sort
50,0.18,0.81,40.14,insertion_sort
100,0.98,0.77,6.89,insertion_sort
50,0.93,0.58,2.81,insertion_sort
500,0.64,0.56,43.82,heap_sort
500,0.19,0.47,34.43,heap_sort
2000,0.31,0.52,42.62,heap_sort
5000,0.26,0.82,45.28,counting_sort
10000,0.35,0.05,1.04,counting_sort
100,0.43,0.28,2.81,heap_sort
5000,0.96,0.6,6.62,counting_sort
5000,0.53,0.08,43.81,counting_sort
50,0.2,0.89,18.84,insertion_sort
5000,0.14,0.77,39.89,counting_sort
500,0.93,0.53,23.09,insertion_sort
10000,0.72,0.56,31.46,counting_sort
1000,0.93,0.37,2.82,counting_sort
100,0.98,0.82,8.64,insertion_sort
1000,0.02,0.31,13.97,counting_sort
1000,0.51,0.12,10.53,heap_sort
2000,0.67,0.03,3.51,counting_sort
1000,0.19,0.64,16.44,heap_sort
2000,0.69,0.31,30.16,heap_sort
5000,0.97,0.87,13.97,counting_sort
50,0.7,0.05,38.85,insertion_sort
10000,0.56,0.37,0.19,counting_sort
50,0.17,0.24,21.79,insertion_sort
2000,0.84,0.04,44.38,heap_sort
50,0.35,0.56,47.51,insertion_sort
50,0.23,0.53,29.81,insertion_sort
100,0.68,0.15,49.23,insertion_sort
100,0.42,0.52,42.15,quick_sort
1000,0.17,0.47,20.7,heap_sort
10000,0.08,0.1,24.5,counting_sort
100,0.89,0.05,39.03,insertion_sort
100,0.27,0.83,34.79,quick_sort
2000,0.03,0.57,34.33,heap_sort
10000,0.12,0.44,2.22,counting_sort
500,0.99,0.0,17.52,insertion_sort
10000,0.19,0.42,34.44,counting_sort
2000,0.29,0.56,12.73,counting_sort
2000,0.28,0.88,30.67,counting_sort
50,0.49,0.83,34.66,insertion_sort
10000,0.72,0.77,22.4,counting_sort
5000,0.74,0.57,25.57,counting_sort
50,0.08,0.88,48.06,insertion_sort
500,0.81,0.65,35.58,heap_sort
500,0.12,0.33,16.93,heap_sort
1000,0.87,0.06,45.58,heap_sort
10000,0.64,0.89,21.13,counting_sort
2000,0.59,0.14,48.87,heap_sort
500,0.02,0.56,35.49,heap_sort
2000,0.31,0.16,13.97,counting_sort
10000,0.27,0.78,45.73,counting_sort
5000,0.61,0.31,20.96,counting_sort
100,0.87,0.25,15.45,insertion_sort
500,0.26,0.12,25.2,heap_sort
50,0.3,0.88,46.88,insertion_sort
5000,0.01,0.76,36.72,counting_sort
10000,0.78,0.11,13.68,counting_sort
2000,0.15,0.11,35.45,heap_sort
1000,0.5,0.18,40.6,heap_sort
2000,0.08,0.64,43.19,heap_sort
10000,0.62,0.57,12.66,counting_sort
10000,0.24,0.73,11.21,counting_sort
100,0.81,0.0,27.85,insertion_sort
2000,0.62,0.08,25.68,counting_sort
100,0.38,0.88,23.73,quick_sort
500,0.68,0.5,40.38,heap_sort
1000,0.02,0.66,12.09,counting_sort
2000,0.42,0.1,12.16,counting_sort
500,0.51,0.79,18.01,heap_sort
5000,0.06,0.7,48.19,counting_sort
100,0.61,0.08,10.22,insertion_sort
500,0.82,0.1,1.33,counting_sort
100,0.18,0.38,25.66,quick_sort
100,0.1,0.78,10.07,quick_sort
5000,0.39,0.2,7.73,counting_sort
1000,0.6,0.5,2.8,counting_sort
500,0.67,0.87,12.59,quick_sort
50,0.09,0.6,11.58,insertion_sort
1000,0.79,0.5,18.22,heap_sort
500,0.15,0.38,29.65,heap_sort
1000,0.23,0.81,8.47,counting_sort
100,0.68,0.55,17.28,insertion_sort
50,0.5,0.89,12.4,insertion_sort
5000,0.74,0.86,2.34,counting_sort
100,0.91,0.69,34.02,insertion_sort
5000,0.67,0.19,27.56,counting_sort
50,0.8,0.78,41.04,insertion_sort
10000,0.92,0.26,14.15,counting_sort
500,0.49,0.35,14.84,quick_sort
5000,0.89,0.7,19.1,counting_sort
50,0.93,0.14,6.68,insertion_sort
2000,0.56,0.51,27.16,counting_sort
1000,0.57,0.11,43.19,heap_sort
100,0.23,0.61,13.09,quick_sort
100,0.18,0.26,48.02,heap_sort
500,0.77,0.07,11.55,quick_sort
500,0.01,0.85,28.26,quick_sort
50,0.41,0.85,6.61,insertion_sort
100,0.43,0.64,38.78,insertion_sort
5000,0.04,0.38,38.33,counting_sort
5000,0.67,0.35,36.8,counting_sort
5000,0.4,0.59,10.0,counting_sort
10000,0.53,0.84,42.06,counting_sort
500,0.01,0.31,19.29,heap_sort
10000,0.54,0.01,43.41,counting_sort
50,0.17,0.51,3.58,insertion_sort
2000,0.76,0.18,49.86,heap_sort
50,0.72,0.05,11.78,insertion_sort
50,0.48,0.23,15.0,insertion_sort
5000,0.95,0.43,8.58,counting_sort
500,0.92,0.29,45.08,insertion_sort
500,0.06,0.58,3.34,counting_sort
500,0.34,0.7,5.85,heap_sort
2000,0.5,0.14,49.95,heap_sort
2000,0.26,0.04,39.52,heap_sort
5000,0.9,0.48,5.79,counting_sort
500,0.81,0.27,31.62,heap_sort
2000,0.69,0.77,18.89,counting_sort
1000,0.05,0.31,6.16,counting_sort
10000,0.36,0.87,36.94,counting_sort
50,0.14,0.74,14.87,insertion_sort
500,0.33,0.15,2.94,counting_sort
100,0.53,0.86,30.46,quick_sort
100,0.21,0.75,36.4,quick_sort
1000,0.99,0.17,35.02,insertion_sort
1000,0.29,0.6,26.41,heap_sort
500,0.27,0.27,41.94,heap_sort
500,0.76,0.11,36.55,heap_sort
5000,0.6,0.13,47.39,counting_sort
1000,0.02,0.62,15.25,heap_sort
500,0.15,0.33,2.3,counting_sort
2000,0.84,0.63,38.69,heap_sort
10000,0.11,0.64,2.94,counting_sort
100,0.12,0.81,21.36,quick_sort
1000,0.51,0.55,25.61,heap_sort
10000,0.42,0.46,34.75,counting_sort
5000,0.86,0.65,11.48,counting_sort
100,0.59,0.05,15.82,insertion_sort
500,0.51,0.73,24.7,heap_sort
500,0.81,0.71,26.16,quick_sort
2000,0.61,0.09,15.88,counting_sort
500,0.28,0.83,37.77,quick_sort
1000,0.94,0.74,20.37,insertion_sort
2000,0.2,0.55,10.97,counting_sort
10000,0.91,0.32,23.3,counting_sort
50,0.62,0.63,2.06,insertion_sort
2000,0.63,0.75,40.47,heap_sort
500,0.18,0.07,20.49,heap_sort
100,0.25,0.73,14.45,quick_sort
2000,0.07,0.71,33.88,heap_sort
10000,0.21,0.49,29.8,counting_sort
50,0.37,0.42,1.77,insertion_sort
5000,0.13,0.85,34.79,counting_sort
500,0.41,0.83,15.79,quick_sort
1000,0.98,0.42,29.89,insertion_sort
5000,0.63,0.37,21.6,counting_sort
10000,0.83,0.38,12.38,counting_sort
500,0.13,0.16,48.54,heap_sort
2000,0.49,0.61,45.69,heap_sort
500,0.3,0.71,45.57,heap_sort
500,0.5,0.25,30.24,heap_sort
5000,0.07,0.8,0.05,counting_sort
2000,0.96,0.26,25.19,insertion_sort
10000,0.6,0.7,26.38,counting_sort
1000,0.2,0.75,3.33,counting_sort
100,0.16,0.73,39.23,quick_sort
2000,0.73,0.51,16.24,counting_sort
1000,0.24,0.54,29.97,heap_sort
1000,0.65,0.13,21.97,heap_sort
100,0.98,0.67,20.67,insertion_sort
2000,0.05,0.24,0.82,counting_sort
10000,0.71,0.74,35.72,counting_sort
1000,0.98,0.53,49.13,insertion_sort
500,0.21,0.31,2.33,counting_sort
100,0.86,0.38,23.1,insertion_sort
50,0.65,0.02,37.95,insertion_sort
5000,0.38,0.05,22.03,counting_sort
100,0.29,0.89,42.09,quick_sort
500,0.23,0.89,2.49,counting_sort
5000,0.72,0.39,37.98,counting_sort
50,0.33,0.7,47.15,insertion_sort
1000,0.75,0.35,44.75,heap_sort
5000,0.31,0.83,47.58,counting_sort
1000,0.45,0.89,45.61,quick_sort
2000,0.67,0.42,42.72,heap_sort
10000,0.88,0.35,12.61,counting_sort
10000,0.06,0.49,21.46,counting_sort
100,0.53,0.87,18.82,quick_sort
10000,0.16,0.27,24.13,counting_sort
500,0.3,0.08,2.31,counting_sort
500,0.91,0.43,26.55,insertion_sort
1000,0.67,0.35,16.94,heap_sort
2000,0.31,0.31,5.21,counting_sort
10000,0.73,0.63,40.34,counting_sort
500,0.93,0.36,10.23,insertion_sort
1000,0.79,0.41,14.53,heap_sort
2000,0.01,0.49,47.29,heap_sort
10000,0.38,0.81,1.79,counting_sort
50,0.38,0.44,2.6,insertion_sort
10000,0.99,0.45,6.44,counting_sort
100,0.98,0.4,0.07,insertion_sort
100,0.56,0.64,25.99,quick_sort
5000,0.83,0.6,5.97,counting_sort
2000,0.82,0.65,25.64,heap_sort
100,0.33,0.4,12.2,quick_sort
50,0.52,0.47,37.02,insertion_sort
100,0.05,0.36,45.46,quick_sort
50,0.74,0.09,49.19,insertion_sort
50,0.58,0.55,46.49,insertion_sort
500,0.13,0.53,47.13,heap_sort
500,0.09,0.12,40.44,heap_sort
10000,0.61,0.89,18.62,counting_sort
500,0.34,0.2,18.59,heap_sort
1000,0.91,0.23,40.75,insertion_sort
50,0.78,0.8,6.35,insertion_sort
10000,0.78,0.48,49.25,counting_sort
1000,0.49,0.36,20.34,heap_sort
1000,0.86,0.74,46.47,heap_sort
100,0.17,0.75,48.54,quick_sort
2000,0.72,0.57,8.85,counting_sort
500,0.57,0.67,46.33,insertion_sort
100,0.72,0.09,49.74,insertion_sort
2000,0.77,0.1,49.0,heap_sort
1000,0.35,0.07,12.84,heap_sort
2000,0.44,0.64,10.45,counting_sort
10000,0.88,0.67,20.91,counting_sort
2000,0.73,0.33,35.24,heap_sort
500,0.55,0.19,12.07,heap_sort
1000,0.28,0.79,24.66,heap_sort
100,0.48,0.06,7.94,insertion_sort
1000,0.28,0.53,26.7,heap_sort
500,0.64,0.32,36.4,heap_sort
50,0.78,0.85,12.61,insertion_sort
10000,0.1,0.46,46.33,counting_sort
10000,0.72,0.28,20.41,counting_sort
50,0.91,0.85,49.11,insertion_sort
500,0.78,0.04,30.49,quick_sort
100,0.49,0.15,37.55,quick_sort
100,0.12,0.3,48.58,quick_sort
500,0.18,0.78,16.6,quick_sort
10000,0.35,0.03,17.47,counting_sort
50,0.47,0.35,35.77,insertion_sort
2000,0.86,0.71,10.25,counting_sort
50,0.4,0.5,28.98,insertion_sort
10000,0.89,0.22,49.18,counting_sort
100,0.77,0.17,38.8,insertion_sort
1000,0.2,0.05,20.71,heap_sort
100,0.53,0.38,44.61,quick_sort
2000,0.1,0.36,26.84,counting_sort
2000,0.51,0.81,49.04,quick_sort
1000,0.58,0.25,43.05,heap_sort
5000,0.46,0.18,35.63,counting_sort
2000,0.49,0.47,0.9,counting_sort
500,0.41,0.83,18.87,heap_sort
1000,0.03,0.4,8.75,counting_sort
10000,0.23,0.07,42.46,counting_sort
5000,0.89,0.15,21.63,counting_sort
5000,0.92,0.22,45.34,counting_sort
2000,0.7,0.26,29.82,heap_sort
1000,0.87,0.36,0.91,counting_sort
1000,0.83,0.17,40.31,heap_sort
100,0.65,0.43,26.95,insertion_sort
2000,0.77,0.55,33.99,heap_sort
100,0.74,0.81,26.57,insertion_sort
100,0.24,0.47,44.67,heap_sort
1000,0.17,0.55,44.63,heap_sort
500,0.21,0.33,26.73,heap_sort
50,0.29,0.27,13.03,insertion_sort
5000,0.04,0.35,30.07,counting_sort
5000,0.69,0.19,1.03,counting_sort
500,0.3,0.78,14.12,quick_sort
500,0.35,0.64,39.14,heap_sort
10000,0.83,0.1,16.7,counting_sort
500,0.57,0.2,24.03,heap_sort
1000,0.41,0.84,31.18,quick_sort
5000,0.46,0.58,32.83,counting_sort
2000,0.56,0.87,42.8,quick_sort
500,0.66,0.7,10.1,quick_sort
1000,0.43,0.32,28.32,heap_sort
100,0.19,0.36,36.77,heap_sort
50,0.52,0.6,2.13,insertion_sort
50,0.37,0.43,25.0,insertion_sort
2000,0.53,0.31,32.85,heap_sort
10000,0.98,0.61,15.19,counting_sort
1000,0.28,0.07,36.47,heap_sort
1000,0.39,0.9,16.65,quick_sort
5000,0.05,0.65,35.67,counting_sort
2000,0.09,0.42,7.88,counting_sort
100,0.14,0.53,6.69,quick_sort
10000,0.43,0.68,33.43,counting_sort
100,0.29,0.01,28.18,quick_sort
10000,0.23,0.13,22.06,counting_sort
100,0.07,0.47,43.71,quick_sort
50,0.51,0.82,5.04,insertion_sort
2000,0.1,0.72,21.2,counting_sort
50,0.28,0.28,42.12,insertion_sort
1000,0.37,0.74,49.34,heap_sort
50,0.8,0.33,39.25,insertion_sort
5000,0.86,0.38,30.57,counting_sort
500,0.71,0.56,37.74,heap_sort
5000,0.43,0.0,12.45,counting_sort
2000,0.52,0.57,17.7,counting_sort
1000,0.87,0.22,5.4,counting_sort
5000,0.67,0.29,22.02,counting_sort
10000,0.4,0.13,26.87,counting_sort
10000,0.27,0.47,25.51,counting_sort
1000,0.57,0.88,0.72,counting_sort
100,0.22,0.88,9.86,quick_sort
5000,0.06,0.44,2.22,counting_sort
100,0.26,0.57,11.75,quick_sort
500,0.32,0.69,42.52,heap_sort
500,0.39,0.37,28.12,heap_sort
5000,0.57,0.49,30.51,counting_sort
500,0.27,0.61,21.07,heap_sort
5000,0.28,0.67,5.66,counting_sort
50,0.44,0.86,19.54,insertion_sort
10000,0.69,0.14,45.64,counting_sort
2000,0.37,0.39,6.61,counting_sort
100,1.0,0.45,11.41,insertion_sort
5000,0.36,0.32,44.94,counting_sort
10000,0.55,0.2,38.19,counting_sort
10000,0.46,0.64,0.24,counting_sort
100,0.54,0.67,33.25,quick_sort
2000,0.55,0.88,21.22,counting_sort
100,0.59,0.21,16.24,heap_sort
500,0.78,0.07,30.74,quick_sort
2000,0.11,0.44,21.61,counting_sort
50,0.46,0.61,13.48,insertion_sort
5000,0.03,0.23,33.71,counting_sort
2000,0.29,0.38,41.13,heap_sort
2000,0.38,0.22,46.83,heap_sort
1000,0.73,0.65,19.47,heap_sort
50,0.52,0.06,40.21,insertion_sort
1000,0.97,0.66,35.87,insertion_sort
100,0.79,0.48,15.76,insertion_sort
500,0.17,0.82,9.35,heap_sort
10000,0.09,0.01,8.89,counting_sort
1000,0.12,0.36,1.39,counting_sort
500,0.56,0.03,4.68,heap_sort
1000,0.39,0.21,46.75,heap_sort
50,0.71,0.29,4.97,insertion_sort
50,0.53,0.06,36.7,insertion_sort
10000,0.85,0.81,4.55,counting_sort
50,0.57,0.08,44.68,insertion_sort
5000,0.38,0.84,0.52,counting_sort
500,0.53,0.61,9.92,heap_sort
2000,0.65,0.09,37.67,heap_sort
2000,0.92,0.59,20.2,counting_sort
10000,0.56,0.36,27.88,counting_sort
10000,0.3,0.12,14.58,counting_sort
500,0.52,0.32,15.14,heap_sort
2000,0.28,0.18,8.32,counting_sort
5000,0.47,0.49,29.96,counting_sort
1000,0.26,0.28,46.41,heap_sort
50,0.56,0.3,0.7,insertion_sort
100,0.01,0.3,37.37,quick_sort
2000,0.82,0.88,36.37,heap_sort
10000,0.21,0.43,10.98,counting_sort
500,0.34,0.69,17.37,heap_sort
2000,0.14,0.11,11.75,counting_sort
1000,0.34,0.77,44.15,heap_sort
50,0.17,0.01,20.31,insertion_sort
50,0.57,0.62,30.54,insertion_sort
10000,0.68,0.24,35.77,counting_sort
50,0.6,0.67,1.05,insertion_sort
10000,0.4,0.7,1.51,counting_sort
50,0.04,0.31,31.08,insertion_sort
100,0.5,0.21,4.03,insertion_sort
2000,0.47,0.89,11.09,counting_sort
50,0.36,0.14,38.7,insertion_sort
1000,0.94,0.68,49.44,insertion_sort
1000,0.0,0.23,35.47,heap_sort
5000,0.44,0.25,3.8,counting_sort
500,0.48,0.89,33.88,quick_sort
5000,0.85,0.27,49.61,counting_sort
2000,0.93,0.32,21.42,counting_sort
1000,0.91,0.58,11.96,heap_sort
500,0.86,0.85,34.87,quick_sort
10000,0.78,0.88,18.36,counting_sort
50,1.0,0.17,37.8,insertion_sort
2000,0.73,0.01,6.2,counting_sort
2000,0.91,0.27,20.09,counting_sort
1000,0.44,0.68,32.05,heap_sort
2000,0.3,0.15,7.07,counting_sort
1000,0.06,0.34,25.99,heap_sort
2000,0.78,0.89,38.88,quick_sort
10000,0.13,0.21,48.52,counting_sort
5000,0.27,0.31,43.3,counting_sort
1000,0.62,0.52,14.52,heap_sort
2000,0.39,0.45,13.76,counting_sort
2000,0.18,0.11,8.25,counting_sort
1000,0.24,0.26,16.51,heap_sort
50,0.85,0.46,0.83,insertion_sort
2000,0.79,0.89,35.79,heap_sort
50,0.62,0.3,25.57,insertion_sort
5000,0.38,0.49,26.87,counting_sort
100,0.93,0.03,15.01,insertion_sort
1000,0.07,0.13,22.42,heap_sort
10000,0.52,0.29,45.03,counting_sort
50,0.66,0.01,43.21,insertion_sort
100,0.35,0.29,13.19,quick_sort
2000,0.03,0.5,13.78,counting_sort
5000,0.06,0.58,4.52,counting_sort
10000,0.64,0.6,48.86,counting_sort
50,0.18,0.17,47.75,insertion_sort
500,0.05,0.09,31.79,heap_sort
100,0.96,0.77,35.94,insertion_sort
1000,0.32,0.13,9.57,counting_sort
1000,0.06,0.48,20.27,heap_sort
10000,0.59,0.75,37.57,counting_sort
10000,0.87,0.64,8.27,counting_sort
5000,0.1,0.03,24.55,counting_sort
1000,0.97,0.44,37.59,insertion_sort
100,0.07,0.52,0.75,heap_sort
50,0.66,0.49,0.47,insertion_sort
100,0.44,0.02,1.8,heap_sort
1000,0.85,0.24,12.24,quick_sort
1000,0.72,0.56,3.1,counting_sort
10000,0.55,0.84,28.74,counting_sort
10000,0.14,0.29,13.98,counting_sort
1000,0.99,0.29,20.44,insertion_sort
5000,0.11,0.78,17.94,counting_sort
50,0.77,0.3,23.04,insertion_sort
1000,0.74,0.29,22.76,heap_sort
1000,0.61,0.62,26.89,heap_sort
10000,0.14,0.62,2.28,counting_sort
100,0.82,0.55,25.27,insertion_sort
100,0.81,0.61,8.03,insertion_sort
2000,0.89,0.64,31.91,heap_sort
1000,0.77,0.78,34.1,heap_sort
500,0.59,0.29,34.77,heap_sort
100,0.13,0.36,43.36,heap_sort
100,0.15,0.83,30.27,heap_sort
2000,0.28,0.01,35.13,heap_sort
2000,0.95,0.35,39.96,heap_sort
500,0.68,0.4,6.0,quick_sort
50,0.24,0.61,24.53,insertion_sort
10000,0.6,0.22,32.56,counting_sort
5000,0.69,0.75,14.88,counting_sort
10000,0.17,0.6,34.25,counting_sort
1000,0.44,0.4,21.46,heap_sort
5000,0.95,0.79,1.8,counting_sort
1000,0.37,0.77,8.0,counting_sort
500,0.01,0.89,24.3,quick_sort
100,0.8,0.25,38.13,insertion_sort
10000,0.3,0.26,7.79,counting_sort
100,0.97,0.79,4.54,insertion_sort
1000,0.96,0.21,1.09,counting_sort
1000,0.65,0.62,18.62,quick_sort
100,0.66,0.89,22.93,insertion_sort
500,0.48,0.09,2.7,counting_sort
50,0.55,0.67,1.49,insertion_sort
50,0.15,0.68,13.38,insertion_sort
2000,0.96,0.62,32.43,insertion_sort
100,0.86,0.39,6.44,insertion_sort
10000,0.87,0.34,29.58,counting_sort
100,0.49,0.47,18.66,quick_sort
5000,0.33,0.06,20.34,counting_sort
5000,0.97,0.45,3.65,counting_sort
100,0.49,0.03,22.44,insertion_sort
1000,0.71,0.0,26.71,heap_sort
500,0.5,0.32,13.53,heap_sort
500,0.92,0.87,36.48,insertion_sort
50,0.2,0.58,33.51,insertion_sort
2000,0.27,0.25,31.51,heap_sort
500,0.14,0.43,20.84,heap_sort
50,0.6,0.01,31.54,insertion_sort
50,0.78,0.15,2.64,insertion_sort
100,0.02,0.51,0.12,counting_sort
50,0.28,0.76,16.11,insertion_sort
50,0.88,0.25,12.94,insertion_sort
50,0.2,0.85,47.11,insertion_sort
50,0.94,0.56,13.54,insertion_sort
10000,0.2,0.35,14.18,counting_sort
1000,0.54,0.38,9.07,counting_sort
50,0.87,0.35,40.51,insertion_sort
100,0.42,0.44,0.9,counting_sort
1000,0.07,0.63,13.35,counting_sort
500,0.11,0.35,47.44,heap_sort
500,0.16,0.23,14.99,heap_sort
500,0.15,0.7,27.36,heap_sort
50,0.95,0.88,29.0,insertion_sort
500,0.9,0.47,32.5,insertion_sort
2000,0.61,0.63,16.15,counting_sort
5000,0.44,0.14,37.96,counting_sort
500,0.23,0.67,34.88,heap_sort
500,0.87,0.81,20.1,insertion_sort
5000,0.69,0.02,4.79,counting_sort
10000,0.39,0.06,7.42,counting_sort
10000,0.52,0.62,3.87,counting_sort
2000,0.9,0.67,45.72,heap_sort
500,0.9,0.42,26.7,insertion_sort
50,0.57,0.4,36.8,insertion_sort
100,0.6,0.3,36.37,quick_sort
100,1.0,0.45,47.46,insertion_sort
10000,0.43,0.1,16.29,counting_sort
10000,0.57,0.51,32.05,counting_sort
5000,0.39,0.05,34.65,counting_sort
5000,0.45,0.81,47.62,counting_sort
10000,0.61,0.87,36.96,counting_sort
2000,0.15,0.24,31.18,heap_sort
50,0.56,0.86,12.99,insertion_sort
100,0.75,0.13,24.72,insertion_sort
1000,0.54,0.03,28.28,heap_sort
50,0.33,0.22,6.27,insertion_sort
10000,0.39,0.67,12.52,counting_sort
5000,0.21,0.08,9.12,counting_sort
100,0.14,0.85,45.04,quick_sort
10000,0.99,0.14,10.57,counting_sort
100,0.81,0.42,47.04,insertion_sort
500,0.96,0.87,17.23,insertion_sort
100,0.67,0.79,42.19,insertion_sort
2000,0.41,0.57,18.59,counting_sort
500,0.25,0.77,2.57,counting_sort
100,0.52,0.4,13.22,quick_sort
10000,0.37,0.87,35.08,counting_sort
5000,0.86,0.21,38.81,counting_sort
100,0.3,0.33,35.39,heap_sort
10000,0.18,0.9,33.79,counting_sort
5000,0.39,0.56,14.24,counting_sort
50,0.16,0.32,1.52,insertion_sort
2000,0.16,0.87,27.75,counting_sort
10000,0.13,0.39,29.88,counting_sort
5000,0.72,0.76,32.3,counting_sort
500,0.03,0.58,48.46,quick_sort
100,0.15,0.52,16.1,heap_sort
10000,0.82,0.32,29.2,counting_sort
100,0.72,0.1,11.07,insertion_sort
2000,0.47,0.33,48.27,heap_sort
500,0.79,0.87,30.25,quick_sort
2000,0.07,0.51,17.15,counting_sort
2000,0.61,0.74,37.98,quick_sort
100,0.26,0.24,25.06,heap_sort
100,0.98,0.09,0.49,insertion_sort
1000,0.92,0.25,0.42,counting_sort
2000,0.37,0.24,5.88,counting_sort
10000,0.45,0.47,2.51,counting_sort
5000,0.28,0.81,3.46,counting_sort
1000,0.28,0.36,30.9,heap_sort
500,0.31,0.49,12.87,heap_sort
50,0.91,0.18,3.84,insertion_sort
1000,0.64,0.82,27.86,quick_sort
2000,0.74,0.22,12.92,counting_sort
10000,0.03,0.82,45.87,counting_sort
100,0.7,0.43,6.78,insertion_sort
10000,0.31,0.51,4.71,counting_sort
500,0.82,0.21,27.73,heap_sort
100,0.7,0.67,28.91,insertion_sort
10000,0.41,0.57,39.81,counting_sort
2000,0.47,0.87,1.99,counting_sort
10000,0.08,0.69,15.22,counting_sort
500,0.7,0.69,40.57,quick_sort
1000,0.97,0.48,45.87,insertion_sort
500,0.05,0.42,32.81,heap_sort
5000,0.06,0.32,5.96,counting_sort
2000,0.77,0.56,34.06,heap_sort
50,0.26,0.02,47.9,insertion_sort
500,0.4,0.18,9.5,heap_sort
5000,0.06,0.78,22.0,counting_sort
10000,0.13,0.06,30.55,counting_sort
100,0.34,0.72,8.76,quick_sort
10000,0.17,0.71,15.24,counting_sort
100,0.99,0.89,24.12,insertion_sort
500,0.83,0.2,3.72,counting_sort
50,0.4,0.17,31.02,insertion_sort
2000,0.4,0.43,17.01,counting_sort
500,0.45,0.26,16.12,heap_sort
500,0.89,0.0,5.42,insertion_sort
10000,0.47,0.21,2.49,counting_sort
5000,0.49,0.74,6.34,counting_sort
2000,0.87,0.07,12.47,counting_sort
10000,0.93,0.76,25.2,counting_sort
50,0.59,0.26,35.99,insertion_sort
2000,0.3,0.12,13.91,counting_sort
2000,0.25,0.89,8.52,counting_sort
1000,0.08,0.07,11.81,heap_sort
500,0.58,0.3,24.67,heap_sort
50,0.48,0.65,11.0,insertion_sort
10000,0.33,0.19,33.22,counting_sort
10000,0.79,0.69,21.14,counting_sort
10000,0.97,0.06,25.26,counting_sort
50,0.37,0.61,12.7,insertion_sort
5000,0.25,0.42,42.69,counting_sort
100,0.08,0.43,43.8,quick_sort
2000,0.26,0.67,21.98,counting_sort
5000,0.45,0.68,16.39,counting_sort
100,0.88,0.62,2.63,insertion_sort
100,0.07,0.76,6.28,quick_sort
1000,0.97,0.25,10.31,insertion_sort
50,0.65,0.55,36.55,insertion_sort
5000,0.36,0.08,42.68,counting_sort
500,0.64,0.68,16.53,heap_sort
2000,0.44,0.12,24.44,heap_sort
10000,0.39,0.77,30.66,counting_sort
10000,0.14,0.36,19.81,counting_sort
2000,0.29,0.45,15.86,counting_sort
100,0.76,0.61,31.8,insertion_sort
10000,0.2,0.85,37.72,counting_sort
10000,0.79,0.42,26.3,counting_sort
5000,0.03,0.17,0.42,counting_sort
1000,0.39,0.75,29.59,heap_sort
1000,0.72,0.8,16.54,heap_sort
50,0.36,0.26,15.43,insertion_sort
2000,0.13,0.28,37.52,heap_sort
5000,0.08,0.64,43.88,counting_sort
2000,0.32,0.79,9.28,counting_sort
50,0.48,0.05,37.0,insertion_sort
50,0.3,0.09,18.9,insertion_sort
1000,0.6,0.38,9.82,heap_sort
1000,0.56,0.79,1.21,counting_sort
2000,0.91,0.14,6.03,counting_sort
10000,0.59,0.36,33.27,counting_sort
100,0.74,0.61,45.21,insertion_sort
1000,0.82,0.18,34.69,heap_sort
2000,0.92,0.46,48.51,heap_sort
50,0.21,0.46,13.16,insertion_sort
1000,0.96,0.54,9.25,insertion_sort
5000,0.98,0.82,1.16,counting_sort
2000,0.25,0.17,36.69,heap_sort
2000,0.88,0.34,2.61,counting_sort
2000,0.86,0.74,41.02,heap_sort
2000,0.5,0.11,22.63,counting_sort
50,0.16,0.86,47.69,insertion_sort
1000,0.88,0.82,46.35,heap_sort
5000,0.04,0.02,17.77,counting_sort
10000,0.16,0.89,17.92,counting_sort
10000,0.78,0.1,38.9,counting_sort
500,0.98,0.17,14.78,insertion_sort
500,0.14,0.32,49.72,heap_sort
50,0.54,0.4,2.53,insertion_sort
1000,0.87,0.58,4.13,counting_sort
100,0.58,0.01,18.28,quick_sort
5000,0.42,0.4,38.94,counting_sort
500,0.8,0.44,45.92,quick_sort
50,0.27,0.05,10.16,insertion_sort
1000,0.78,0.46,23.17,heap_sort
10000,0.72,0.7,8.75,counting_sort
50,0.5,0.32,3.86,insertion_sort
50,0.48,0.66,9.93,insertion_sort
2000,0.6,0.15,16.19,counting_sort
1000,0.15,0.21,31.48,heap_sort
100,0.77,0.15,29.98,insertion_sort
50,0.29,0.8,31.44,insertion_sort
100,0.08,0.4,32.69,heap_sort
500,0.6,0.56,10.34,heap_sort
10000,0.71,0.67,15.87,counting_sort
500,0.54,0.12,44.72,heap_sort
500,0.35,0.38,5.62,heap_sort
100,0.39,0.36,18.54,quick_sort
1000,0.86,0.52,34.72,quick_sort
50,0.25,0.47,11.06,insertion_sort
2000,0.05,0.01,42.02,heap_sort
50,0.75,0.87,7.95,insertion_sort
50,0.51,0.74,43.92,insertion_sort
2000,0.66,0.44,13.98,counting_sort
10000,0.03,0.03,0.25,counting_sort
2000,0.76,0.29,10.52,counting_sort
2000,0.49,0.11,39.72,quick_sort
500,0.88,0.59,27.32,insertion_sort
50,0.15,0.89,43.9,insertion_sort
5000,0.96,0.32,21.17,counting_sort
500,0.19,0.23,42.71,heap_sort
10000,0.62,0.4,14.51,counting_sort
10000,0.64,0.19,11.29,counting_sort
2000,0.84,0.1,3.87,counting_sort
50,0.6,0.24,11.3,insertion_sort
1000,0.73,0.56,48.46,heap_sort
100,0.75,0.68,46.46,insertion_sort
1000,0.02,0.4,14.44,heap_sort
2000,0.84,0.41,3.55,counting_sort
5000,0.94,0.44,7.58,counting_sort
10000,0.06,0.39,1.04,counting_sort
100,0.6,0.72,10.63,quick_sort
1000,0.38,0.29,21.97,heap_sort
500,0.37,0.58,19.33,heap_sort
1000,0.46,0.67,22.62,quick_sort
10000,0.67,0.09,31.7,counting_sort
500,0.06,0.84,39.14,quick_sort
1000,0.73,0.25,1.17,counting_sort
50,0.12,0.04,1.3,insertion_sort
50,0.81,0.65,40.41,insertion_sort
1000,0.25,0.5,16.08,heap_sort
100,0.99,0.83,9.1,insertion_sort
50,0.21,0.63,13.07,insertion_sort
50,0.49,0.1,10.97,insertion_sort
50,0.0,0.74,0.28,counting_sort
10000,0.66,0.14,26.31,counting_sort
500,0.54,0.89,14.87,quick_sort
500,0.56,0.79,38.07,heap_sort
500,0.44,0.01,46.39,heap_sort
1000,0.3,0.15,41.06,heap_sort
1000,0.06,0.53,0.49,counting_sort
1000,0.12,0.44,0.23,counting_sort
50,0.86,0.74,33.49,insertion_sort
5000,0.1,0.04,46.86,counting_sort
5000,0.61,0.79,25.16,counting_sort
10000,0.82,0.0,35.24,counting_sort
50,0.99,0.21,43.94,insertion_sort
2000,0.34,0.84,32.43,heap_sort
100,0.25,0.47,43.92,heap_sort
5000,0.97,0.39,2.51,counting_sort
50,0.42,0.29,43.92,insertion_sort
5000,0.95,0.27,43.38,counting_sort
100,0.67,0.6,41.84,insertion_sort
5000,0.11,0.25,13.95,counting_sort
100,0.63,0.85,21.68,insertion_sort
50,0.57,0.3,38.36,insertion_sort
500,0.65,0.56,46.21,heap_sort
50,0.85,0.54,8.19,insertion_sort
50,0.39,0.31,20.23,insertion_sort
10000,0.91,0.67,39.25,counting_sort
50,0.46,0.49,29.06,insertion_sort
500,0.93,0.08,21.6,insertion_sort
5000,0.89,0.56,30.06,counting_sort
5000,0.81,0.3,15.2,counting_sort
10000,0.87,0.45,9.37,counting_sort
500,0.42,0.69,1.62,counting_sort
10000,0.16,0.68,1.62,counting_sort
100,0.84,0.44,14.63,insertion_sort
50,0.67,0.72,33.49,insertion_sort
500,0.96,0.4,40.99,insertion_sort
500,0.36,0.11,42.12,heap_sort
100,0.1,0.06,17.0,quick_sort
2000,0.1,0.59,7.54,counting_sort
50,0.86,0.08,8.9,insertion_sort
5000,0.49,0.01,16.03,counting_sort
10000,0.5,0.19,8.85,counting_sort
100,0.14,0.05,34.3,heap_sort
10000,0.83,0.27,22.09,counting_sort
10000,0.27,0.1,5.57,counting_sort
5000,0.75,0.55,26.03,counting_sort
1000,0.59,0.47,40.83,quick_sort
50,0.52,0.21,21.64,insertion_sort
5000,0.02,0.87,19.43,counting_sort
100,0.54,0.15,16.64,quick_sort
2000,0.15,0.2,23.16,counting_sort
100,0.59,0.64,1.71,insertion_sort
10000,0.87,0.59,15.01,counting_sort
10000,0.53,0.52,12.81,counting_sort
10000,0.63,0.89,10.87,counting_sort
1000,0.34,0.26,39.44,heap_sort
2000,0.31,0.05,4.38,counting_sort
100,0.56,0.62,17.9,quick_sort
1000,0.67,0.9,14.21,counting_sort
100,0.92,0.26,9.75,insertion_sort
500,0.85,0.6,16.77,insertion_sort
5000,0.57,0.02,38.25,counting_sort
10000,0.14,0.64,7.53,counting_sort
50,0.57,0.13,16.78,insertion_sort
5000,0.64,0.88,13.73,counting_sort
100,0.71,0.16,25.56,insertion_sort
500,0.28,0.62,6.97,heap_sort
1000,0.09,0.61,43.74,heap_sort
10000,0.01,0.89,14.24,counting_sort
100,0.39,0.8,22.98,quick_sort
2000,0.86,0.36,3.66,counting_sort
10000,0.28,0.02,43.12,counting_sort
100,0.51,0.26,18.83,quick_sort
2000,0.4,0.42,7.27,counting_sort
50,0.02,0.65,35.02,insertion_sort
50,0.96,0.28,18.96,insertion_sort
100,0.27,0.41,2.27,quick_sort
2000,0.68,0.45,10.24,counting_sort
100,0.49,0.64,3.17,quick_sort
5000,0.18,0.77,33.6,counting_sort
100,0.84,0.88,32.75,insertion_sort
500,0.29,0.73,10.05,heap_sort
1000,0.91,0.33,26.02,heap_sort
500,0.83,0.42,22.79,heap_sort
500,0.34,0.61,16.56,heap_sort
10000,0.6,0.03,46.93,counting_sort
5000,0.08,0.46,18.01,counting_sort
2000,0.33,0.57,24.68,counting_sort
2000,0.33,0.8,13.05,counting_sort
1000,0.95,0.78,34.01,insertion_sort
10000,0.68,0.44,3.91,counting_sort
2000,0.74,0.11,40.94,heap_sort
500,0.13,0.01,12.37,heap_sort
5000,0.82,0.22,32.12,counting_sort
500,0.57,0.17,42.27,heap_sort
2000,0.15,0.21,24.63,heap_sort
100,0.72,0.15,46.33,insertion_sort
50,0.96,0.88,45.97,insertion_sort
100,0.62,0.17,24.18,insertion_sort
10000,0.42,0.53,14.75,counting_sort
500,0.21,0.67,41.84,heap_sort
500,0.93,0.8,24.34,insertion_sort
1000,0.04,0.65,32.99,heap_sort
10000,0.22,0.11,26.91,counting_sort
2000,0.64,0.61,28.71,heap_sort
2000,0.43,0.12,40.44,heap_sort
500,0.37,0.04,11.96,heap_sort
2000,0.09,0.87,6.76,counting_sort
500,0.66,0.47,12.25,quick_sort
500,0.34,0.06,16.45,heap_sort
10000,0.97,0.75,9.31,counting_sort
5000,0.67,0.72,41.96,counting_sort
2000,0.45,0.66,23.07,counting_sort
10000,0.52,0.41,40.82,counting_sort
100,0.8,0.39,44.5,insertion_sort
50,0.46,0.57,25.4,insertion_sort
1000,0.86,0.0,37.58,heap_sort
5000,0.1,0.32,0.87,counting_sort
2000,0.1,0.56,44.86,heap_sort
10000,0.58,0.58,35.43,counting_sort
5000,0.61,0.82,34.62,counting_sort
5000,0.91,0.6,33.7,counting_sort
2000,0.78,0.45,40.38,heap_sort
500,0.93,0.03,8.79,insertion_sort
500,0.51,0.27,43.0,quick_sort
50,0.45,0.83,40.42,insertion_sort
2000,0.85,0.6,46.51,quick_sort
50,0.3,0.52,5.34,insertion_sort
2000,0.11,0.01,5.27,counting_sort
500,0.65,0.17,18.77,heap_sort
2000,0.61,0.34,19.09,counting_sort
2000,0.73,0.5,14.16,counting_sort
5000,0.89,0.11,14.94,counting_sort
1000,0.72,0.45,23.12,heap_sort
500,0.03,0.69,6.98,heap_sort
500,0.89,0.04,32.86,insertion_sort
500,0.37,0.11,4.79,counting_sort
5000,0.03,0.21,19.84,counting_sort
5000,0.1,0.6,29.99,counting_sort
2000,0.45,0.67,1.11,counting_sort
100,0.54,0.54,12.05,insertion_sort
5000,0.05,0.62,31.61,counting_sort
1000,0.62,0.7,7.15,counting_sort
100,0.18,0.62,21.19,quick_sort
500,0.05,0.22,9.5,heap_sort
10000,0.41,0.59,41.21,counting_sort
100,0.99,0.82,16.07,insertion_sort
100,0.9,0.68,38.77,insertion_sort
2000,0.3,0.13,41.48,heap_sort
5000,0.22,0.42,5.16,counting_sort
5000,0.58,0.1,12.76,counting_sort
10000,0.62,0.45,7.61,counting_sort
1000,0.45,0.53,35.44,heap_sort
1000,0.69,0.66,30.37,heap_sort
2000,0.11,0.89,28.16,counting_sort
5000,0.39,0.08,21.39,counting_sort
500,0.05,0.47,36.06,heap_sort
500,0.96,0.58,21.32,insertion_sort
5000,0.15,0.16,35.6,counting_sort
100,0.55,0.35,48.37,heap_sort
100,0.43,0.65,11.71,quick_sort
10000,0.37,0.2,4.03,counting_sort
500,0.33,0.18,13.69,heap_sort
5000,0.71,0.56,1.51,counting_sort
50,0.01,0.83,4.19,insertion_sort
100,0.88,0.84,41.47,insertion_sort
500,0.47,0.32,8.66,heap_sort
500,0.98,0.14,6.46,insertion_sort
100,0.17,0.82,36.15,quick_sort
5000,0.81,0.63,44.6,counting_sort
2000,0.89,0.57,30.9,heap_sort
500,0.2,0.6,19.37,heap_sort
2000,0.95,0.46,26.28,heap_sort
2000,0.61,0.73,44.36,heap_sort
100,0.55,0.15,27.03,quick_sort
50,0.42,0.55,22.71,insertion_sort
5000,0.58,0.88,21.44,counting_sort
100,0.9,0.6,48.0,insertion_sort
2000,0.52,0.38,4.15,counting_sort
10000,0.33,0.86,21.9,counting_sort
1000,0.84,0.47,41.05,heap_sort
500,0.39,0.41,32.94,heap_sort
100,0.33,0.13,6.34,heap_sort
50,0.15,0.09,38.08,insertion_sort
500,0.1,0.43,44.79,heap_sort
500,0.7,0.45,33.38,quick_sort
50,0.28,0.8,23.28,insertion_sort
50,0.32,0.68,5.97,insertion_sort
5000,0.32,0.71,47.73,counting_sort
500,0.74,0.37,9.53,quick_sort
5000,0.32,0.63,43.56,counting_sort
10000,0.63,0.85,19.28,counting_sort
500,0.38,0.26,1.58,counting_sort
50,0.47,0.54,28.82,insertion_sort
5000,0.02,0.32,24.1,counting_sort
500,0.48,0.18,49.62,heap_sort
1000,0.02,0.41,37.93,heap_sort
1000,0.44,0.62,35.3,heap_sort
5000,0.02,0.78,48.37,counting_sort
10000,0.76,0.9,39.6,counting_sort
100,0.36,0.07,14.0,quick_sort
100,0.39,0.07,0.72,counting_sort
500,0.51,0.59,4.15,counting_sort
1000,0.4,0.17,27.67,heap_sort
5000,0.59,0.88,31.86,counting_sort
50,0.16,0.6,9.46,insertion_sort
1000,0.25,0.15,25.33,heap_sort
100,0.42,0.47,33.53,insertion_sort
10000,0.09,0.23,0.6,counting_sort
2000,0.46,0.1,24.6,counting_sort
500,0.04,0.55,44.97,heap_sort
5000,0.96,0.05,6.6,counting_sort
1000,0.29,0.04,29.57,heap_sort
100,0.7,0.76,5.34,insertion_sort
2000,0.2,0.12,31.05,heap_sort
500,0.38,0.62,22.6,heap_sort
50,0.9,0.73,31.9,insertion_sort
2000,0.48,0.62,14.19,counting_sort
5000,0.46,0.51,22.12,counting_sort
10000,0.51,0.07,11.14,counting_sort
100,0.45,0.2,13.47,quick_sort
5000,0.77,0.55,31.19,counting_sort
10000,0.43,0.28,29.01,counting_sort
500,0.41,0.5,27.96,heap_sort
2000,0.45,0.06,37.71,heap_sort
2000,0.98,0.2,20.53,insertion_sort
500,0.33,0.05,44.25,heap_sort
50,0.69,0.85,18.36,insertion_sort
5000,0.22,0.45,31.97,counting_sort
100,0.25,0.03,17.85,heap_sort
500,0.68,0.14,33.66,heap_sort
10000,0.84,0.49,5.23,counting_sort
2000,0.18,0.83,31.36,quick_sort
1000,0.96,0.05,33.07,insertion_sort
100,0.62,0.28,6.23,insertion_sort
100,0.04,0.38,45.75,quick_sort
1000,0.32,0.36,45.56,heap_sort
100,0.62,0.13,36.54,insertion_sort
2000,0.12,0.72,15.15,counting_sort
2000,0.15,0.67,21.82,counting_sort
2000,0.43,0.3,1.4,counting_sort
2000,0.54,0.19,46.83,heap_sort
500,0.85,0.66,38.22,insertion_sort
2000,0.7,0.56,38.53,heap_sort
50,0.63,0.55,39.76,insertion_sort
1000,0.7,0.45,37.74,heap_sort
10000,0.4,0.38,19.82,counting_sort
1000,0.41,0.47,33.12,heap_sort
500,0.54,0.34,31.62,heap_sort
10000,0.97,0.18,37.9,counting_sort
1000,0.8,0.66,29.32,heap_sort
10000,0.55,0.42,21.06,counting_sort
500,0.83,0.87,22.66,quick_sort
500,0.03,0.44,24.69,heap_sort
10000,0.88,0.58,49.28,counting_sort
10000,0.79,0.39,14.98,counting_sort
100,0.92,0.71,38.24,insertion_sort
10000,0.72,0.04,9.24,counting_sort
10000,0.01,0.69,39.73,counting_sort
500,0.25,0.64,23.38,quick_sort
1000,0.97,0.34,28.05,insertion_sort
2000,0.12,0.46,32.57,heap_sort
10000,0.99,0.74,37.92,counting_sort
2000,0.21,0.41,29.26,heap_sort
500,0.11,0.1,38.2,heap_sort
500,0.45,0.15,46.7,heap_sort
5000,0.48,0.26,17.1,counting_sort
100,0.33,0.47,48.34,heap_sort
500,0.53,0.75,43.26,quick_sort
5000,0.62,0.42,12.73,counting_sort
5000,0.22,0.29,16.9,counting_sort
1000,0.46,0.45,27.33,heap_sort
100,0.77,0.14,9.21,insertion_sort
1000,0.03,0.79,31.93,heap_sort
10000,0.58,0.8,23.33,counting_sort
5000,0.43,0.43,48.24,counting_sort
100,0.84,0.03,33.2,insertion_sort
2000,0.99,0.31,37.86,insertion_sort
50,0.74,0.29,32.94,insertion_sort
2000,0.77,0.7,8.1,counting_sort
1000,0.5,0.85,7.76,counting_sort
50,0.61,0.85,31.12,insertion_sort
2000,0.6,0.17,2.29,counting_sort
100,0.44,0.85,17.68,insertion_sort
2000,0.18,0.24,44.5,heap_sort
5000,0.96,0.67,28.26,counting_sort
1000,0.11,0.88,11.88,counting_sort
100,0.95,0.18,12.91,insertion_sort
50,0.91,0.45,10.65,insertion_sort
50,0.55,0.7,34.89,insertion_sort
2000,0.87,0.1,7.94,counting_sort
2000,0.74,0.66,43.99,heap_sort
1000,0.79,0.51,31.12,heap_sort
500,0.5,0.73,16.9,quick_sort
50,0.8,0.24,8.32,insertion_sort
5000,0.17,0.21,44.76,counting_sort
50,0.47,0.04,23.28,insertion_sort
5000,0.6,0.55,20.62,counting_sort
1000,0.47,0.19,33.35,heap_sort
1000,0.98,0.33,32.45,insertion_sort
500,0.58,0.03,10.88,heap_sort
500,0.5,0.42,5.27,heap_sort
50,0.54,0.05,46.39,insertion_sort
500,0.37,0.69,3.89,counting_sort
500,0.49,0.06,6.36,heap_sort
50,0.23,0.89,14.27,insertion_sort
100,0.78,0.39,33.33,insertion_sort
2000,0.65,0.76,30.21,heap_sort
2000,0.67,0.77,44.45,heap_sort
50,0.82,0.19,41.08,insertion_sort
2000,0.86,0.41,18.3,counting_sort
50,0.39,0.76,44.98,insertion_sort
500,0.89,0.54,35.49,insertion_sort
500,0.31,0.46,24.89,heap_sort
2000,0.73,0.27,42.58,heap_sort
500,0.04,0.69,7.42,quick_sort
1000,0.3,0.19,31.24,heap_sort
2000,0.34,0.62,8.77,counting_sort
500,0.87,0.56,9.75,insertion_sort
10000,0.45,0.67,19.88,counting_sort
10000,0.96,0.26,15.56,counting_sort
10000,0.99,0.49,40.03,counting_sort
5000,0.4,0.28,1.32,counting_sort
1000,0.65,0.19,45.2,heap_sort
5000,0.85,0.86,0.94,counting_sort
1000,0.58,0.34,10.48,counting_sort
50,0.96,0.54,41.11,insertion_sort
5000,0.37,0.25,8.32,counting_sort
50,0.67,0.25,26.47,insertion_sort
500,0.74,0.19,29.31,heap_sort
5000,0.33,0.12,48.36,counting_sort
2000,0.25,0.28,10.23,counting_sort
50,0.54,0.51,24.14,insertion_sort
1000,0.18,0.62,30.88,heap_sort
500,0.83,0.26,13.14,heap_sort
5000,0.74,0.3,14.14,counting_sort
2000,0.32,0.03,13.44,counting_sort
100,0.46,0.0,23.37,heap_sort
100,0.72,0.4,19.74,insertion_sort
50,0.84,0.77,15.84,insertion_sort
5000,0.65,0.28,21.77,counting_sort
2000,0.46,0.2,12.69,counting_sort
100,0.29,0.1,17.79,heap_sort
2000,0.6,0.27,41.7,heap_sort
5000,0.72,0.37,33.86,counting_sort
5000,0.84,0.25,2.75,counting_sort
5000,0.96,0.79,1.06,counting_sort
5000,0.02,0.52,19.49,counting_sort
100,0.56,0.67,5.28,insertion_sort
2000,0.83,0.78,39.1,heap_sort
500,0.98,0.52,49.16,insertion_sort
2000,0.55,0.22,35.46,heap_sort
500,0.67,0.43,44.25,heap_sort
50,0.01,0.26,14.37,insertion_sort
10000,0.72,0.21,7.51,counting_sort
10000,0.97,0.25,36.61,counting_sort
100,0.62,0.77,10.44,insertion_sort
100,0.45,0.18,44.37,quick_sort
50,0.27,0.12,5.22,insertion_sort
10000,0.58,0.06,9.94,counting_sort
500,0.96,0.21,43.06,insertion_sort
5000,0.2,0.82,27.48,counting_sort
50,0.17,0.89,41.17,shell_sort
100,0.97,0.3,27.6,insertion_sort
500,0.14,0.3,35.03,heap_sort
50,0.94,0.7,40.42,insertion_sort
1000,0.62,0.04,13.0,heap_sort
2000,0.89,0.86,46.37,heap_sort
500,0.85,0.18,23.93,heap_sort
2000,0.79,0.89,37.27,quick_sort
10000,0.31,0.22,14.16,counting_sort
5000,0.48,0.47,22.81,counting_sort
1000,0.1,0.85,40.35,quick_sort
500,0.27,0.25,35.12,heap_sort
50,0.75,0.61,30.78,insertion_sort
100,0.31,0.42,26.6,heap_sort
5000,0.84,0.58,48.76,counting_sort
5000,0.98,0.72,26.4,counting_sort
5000,0.19,0.21,44.04,counting_sort
500,0.39,0.56,39.54,heap_sort
10000,0.15,0.56,9.82,counting_sort
2000,0.58,0.61,41.61,heap_sort
500,0.06,0.01,18.82,heap_sort
10000,0.28,0.2,6.66,counting_sort
1000,0.25,0.04,9.71,counting_sort
50,0.25,0.63,43.36,insertion_sort
2000,0.21,0.15,18.38,counting_sort
500,0.49,0.39,46.24,heap_sort
500,0.72,0.45,10.43,quick_sort
10000,0.02,0.44,7.54,counting_sort
100,0.86,0.57,22.44,insertion_sort
2000,0.73,0.12,19.44,counting_sort
10000,0.0,0.43,18.05,counting_sort
2000,0.2,0.43,17.18,counting_sort
1000,0.8,0.6,12.0,heap_sort
5000,0.23,0.21,1.77,counting_sort
10000,0.07,0.54,48.36,counting_sort
5000,0.2,0.9,26.57,counting_sort
5000,0.9,0.11,28.64,counting_sort
5000,0.45,0.68,37.14,counting_sort
100,0.45,0.89,43.27,quick_sort
5000,0.21,0.01,8.07,counting_sort
1000,0.24,0.65,26.18,heap_sort
1000,0.2,0.06,1.13,counting_sort
1000,0.2,0.13,20.31,heap_sort
2000,0.72,0.48,36.2,heap_sort
50,0.38,0.54,39.08,insertion_sort
50,0.86,0.07,4.94,insertion_sort
5000,0.37,0.81,30.26,counting_sort
10000,0.66,0.53,0.48,counting_sort
2000,0.54,0.19,8.15,counting_sort
10000,0.39,0.57,37.94,counting_sort
10000,0.19,0.68,20.35,counting_sort
500,0.48,0.02,38.05,heap_sort
1000,0.28,0.35,22.42,heap_sort
10000,0.15,0.3,3.39,counting_sort
1000,0.62,0.35,29.07,quick_sort
1000,0.51,0.09,30.67,heap_sort
50,0.39,0.81,11.26,insertion_sort
50,0.27,0.12,34.58,insertion_sort
50,0.44,0.33,38.79,insertion_sort
50,0.6,0.61,48.19,insertion_sort
